{

    "metadata" :
    {
        "formatVersion" : 3.1,
        "sourceFile"    : "ruby.obj",
        "generatedBy"   : "OBJConverter",
        "vertices"      : 71,
        "faces"         : 91,
        "normals"       : 33,
        "colors"        : 0,
        "uvs"           : 0,
        "materials"     : 0
    },

    "scale" : 1.000000,

    "materials": [	{
	"DbgColor" : 15658734,
	"DbgIndex" : 0,
	"DbgName" : "default"
	}],

    "vertices": [10.000000,0.000000,0.000000,9.510566,0.000000,-3.090170,8.090170,0.000000,-5.877852,5.877852,0.000000,-8.090170,3.090170,0.000000,-9.510566,-0.000000,0.000000,-10.000000,-3.090170,0.000000,-9.510565,-5.877852,0.000000,-8.090170,-8.090171,0.000000,-5.877852,-9.510565,0.000000,-3.090170,-10.000000,0.000000,0.000001,-9.510566,0.000000,3.090170,-8.090170,0.000000,5.877853,-5.877851,0.000000,8.090171,-3.090171,0.000000,9.510565,0.000000,0.000000,10.000000,3.090171,0.000000,9.510565,5.877851,0.000000,8.090171,8.090170,0.000000,5.877853,9.510566,0.000000,3.090169,10.000000,0.000000,0.000000,9.510566,0.000000,-3.090170,8.090170,0.000000,-5.877852,5.877852,0.000000,-8.090170,3.090170,0.000000,-9.510566,-0.000000,0.000000,-10.000000,-3.090170,0.000000,-9.510565,-5.877852,0.000000,-8.090170,-8.090171,0.000000,-5.877852,-9.510565,0.000000,-3.090170,-10.000000,0.000000,0.000001,-9.510566,0.000000,3.090170,-8.090170,0.000000,5.877853,-5.877851,0.000000,8.090171,-3.090171,0.000000,9.510565,0.000000,0.000000,10.000000,3.090171,0.000000,9.510565,5.877851,0.000000,8.090171,8.090170,0.000000,5.877853,9.510566,0.000000,3.090169,10.000000,0.000000,-3.249197,6.180339,0.000000,-8.506508,-0.000000,0.000000,-10.514622,-6.180339,0.000000,-8.506508,-9.999999,0.000000,-3.249197,-10.000000,0.000000,3.249197,-6.180338,0.000000,8.506509,0.000000,0.000000,10.514622,6.180338,0.000000,8.506509,10.000000,0.000000,3.249197,6.837120,4.326087,0.000000,5.531345,4.326087,-4.018758,2.112786,4.326087,-6.502487,-2.112786,4.326087,-6.502487,-5.531346,4.326087,-4.018758,-6.837120,4.326087,0.000001,-5.531345,4.326087,4.018759,-2.112787,4.326087,6.502487,2.112787,4.326087,6.502487,5.531345,4.326087,4.018758,10.000000,0.000000,-3.249197,6.180339,0.000000,-8.506508,-0.000000,0.000000,-10.514622,-6.180339,0.000000,-8.506508,-9.999999,0.000000,-3.249197,-10.000000,0.000000,3.249197,-6.180338,0.000000,8.506509,0.000000,0.000000,10.514622,6.180338,0.000000,8.506509,10.000000,0.000000,3.249197,0.000000,-10.000000,0.000000],

    "morphTargets": [],

    "morphColors": [],

    "normals": [0,0,1,0,1,0,-0.6973,-0.68,0.2266,-0.6531,-0.5902,0.4745,-0.431,-0.68,0.5932,-0.2495,-0.5902,0.7677,0,-0.68,0.7332,0.2495,-0.5902,0.7677,0.431,-0.68,0.5932,0.6531,-0.5902,0.4745,0.6973,-0.68,0.2266,0.8073,-0.5902,0,0.6973,-0.68,-0.2266,0.6531,-0.5902,-0.4745,0.431,-0.68,-0.5932,0.2495,-0.5902,-0.7677,0,-0.68,-0.7332,-0.2495,-0.5902,-0.7677,-0.431,-0.68,-0.5932,-0.6531,-0.5902,-0.4745,-0.6973,-0.68,-0.2266,-0.8073,-0.5902,0,0,-1,-0,-0.7071,0.7071,0,-0.5721,0.7071,0.4156,-0.2185,0.7071,0.6725,0.2185,0.7071,0.6725,0.5721,0.7071,0.4156,0.7071,0.7071,0,0.5721,0.7071,-0.4156,0.2185,0.7071,-0.6725,-0.2185,0.7071,-0.6725,-0.5721,0.7071,-0.4156],

    "colors": [],

    "uvs": [[]],

    "faces": [35,0,20,21,1,0,0,0,0,0,35,1,21,22,2,0,0,0,0,0,35,2,22,23,3,0,0,0,0,0,35,3,23,24,4,0,0,0,0,0,35,4,24,25,5,0,0,0,0,0,35,5,25,26,6,0,0,0,0,0,35,6,26,27,7,0,0,0,0,0,35,7,27,28,8,0,0,0,0,0,35,8,28,29,9,0,0,0,0,0,35,9,29,30,10,0,0,0,0,0,35,10,30,31,11,0,0,0,0,0,35,11,31,32,12,0,0,0,0,0,35,12,32,33,13,0,0,0,0,0,35,13,33,34,14,0,0,0,0,0,35,14,34,35,15,0,0,0,0,0,35,15,35,36,16,0,0,0,0,0,35,16,36,37,17,0,0,0,0,0,35,17,37,38,18,0,0,0,0,0,35,18,38,39,19,0,0,0,0,0,35,19,39,20,0,0,0,0,0,0,34,20,39,49,0,1,1,1,34,39,38,49,0,1,1,1,34,21,40,22,0,1,1,1,34,21,20,40,0,1,1,1,34,23,41,24,0,1,1,1,34,23,22,41,0,1,1,1,34,25,42,26,0,1,1,1,34,25,24,42,0,1,1,1,34,27,43,28,0,1,1,1,34,27,26,43,0,1,1,1,34,29,44,30,0,1,1,1,34,29,28,44,0,1,1,1,34,31,45,32,0,1,1,1,34,31,30,45,0,1,1,1,34,33,46,34,0,1,1,1,34,33,32,46,0,1,1,1,34,35,47,36,0,1,1,1,34,35,34,47,0,1,1,1,34,37,48,38,0,1,1,1,34,37,36,48,0,1,1,1,34,50,51,40,0,2,2,2,35,51,41,22,40,0,3,3,3,3,34,51,52,41,0,4,4,4,35,52,42,24,41,0,5,5,5,5,34,52,53,42,0,6,6,6,35,53,43,26,42,0,7,7,7,7,34,53,54,43,0,8,8,8,35,54,44,28,43,0,9,9,9,9,34,54,55,44,0,10,10,10,35,55,45,30,44,0,11,11,11,11,34,55,56,45,0,12,12,12,35,56,46,32,45,0,13,13,13,13,34,56,57,46,0,14,14,14,35,57,47,34,46,0,15,15,15,15,34,57,58,47,0,16,16,16,35,58,48,36,47,0,17,17,17,17,34,58,59,48,0,18,18,18,35,59,49,38,48,0,19,19,19,19,34,59,50,49,0,20,20,20,35,20,49,50,40,0,21,21,21,21,35,50,59,58,57,0,22,22,22,22,34,0,1,60,0,22,22,22,34,0,69,19,0,22,22,22,34,2,3,61,0,22,22,22,34,2,60,1,0,22,22,22,34,4,5,62,0,22,22,22,34,4,61,3,0,22,22,22,34,6,7,63,0,22,22,22,34,6,62,5,0,22,22,22,34,8,9,64,0,22,22,22,34,8,63,7,0,22,22,22,34,10,11,65,0,22,22,22,34,10,64,9,0,22,22,22,34,12,13,66,0,22,22,22,34,12,65,11,0,22,22,22,34,14,15,67,0,22,22,22,34,14,66,13,0,22,22,22,34,16,17,68,0,22,22,22,34,16,67,15,0,22,22,22,34,18,19,69,0,22,22,22,34,18,68,17,0,22,22,22,35,0,60,70,69,0,23,23,23,23,35,2,61,70,60,0,24,24,24,24,35,4,62,70,61,0,25,25,25,25,35,6,63,70,62,0,26,26,26,26,35,8,64,70,63,0,27,27,27,27,35,10,65,70,64,0,28,28,28,28,35,12,66,70,65,0,29,29,29,29,35,14,67,70,66,0,30,30,30,30,35,16,68,70,67,0,31,31,31,31,35,18,69,70,68,0,32,32,32,32]

}
